date_key,last_review,year,month,month_name,quarter,day
1,2011-03-28,2011,3,March,Q1,28
2,2011-04-25,2011,4,April,Q2,25
3,2011-05-12,2011,5,May,Q2,12
4,2011-09-18,2011,9,September,Q3,18
5,2011-09-19,2011,9,September,Q3,19
6,2011-12-10,2011,12,December,Q4,10
7,2011-12-28,2011,12,December,Q4,28
8,2012-01-02,2012,1,January,Q1,2
9,2012-01-03,2012,1,January,Q1,3
10,2012-05-29,2012,5,May,Q2,29
11,2012-06-07,2012,6,June,Q2,7
12,2012-06-22,2012,6,June,Q2,22
13,2012-07-11,2012,7,July,Q3,11
14,2012-08-10,2012,8,August,Q3,10
15,2012-08-22,2012,8,August,Q3,22
16,2012-08-25,2012,8,August,Q3,25
17,2012-09-03,2012,9,September,Q3,3
18,2012-09-05,2012,9,September,Q3,5
19,2012-09-14,2012,9,September,Q3,14
20,2012-09-17,2012,9,September,Q3,17
21,2012-09-18,2012,9,September,Q3,18
22,2012-09-23,2012,9,September,Q3,23
23,2012-10-02,2012,10,October,Q4,2
24,2012-11-01,2012,11,November,Q4,1
25,2012-11-10,2012,11,November,Q4,10
26,2012-12-12,2012,12,December,Q4,12
27,2012-12-25,2012,12,December,Q4,25
28,2012-12-30,2012,12,December,Q4,30
29,2012-12-31,2012,12,December,Q4,31
30,2013-01-01,2013,1,January,Q1,1
31,2013-01-04,2013,1,January,Q1,4
32,2013-01-05,2013,1,January,Q1,5
33,2013-03-08,2013,3,March,Q1,8
34,2013-03-31,2013,3,March,Q1,31
35,2013-04-03,2013,4,April,Q2,3
36,2013-04-09,2013,4,April,Q2,9
37,2013-04-21,2013,4,April,Q2,21
38,2013-05-02,2013,5,May,Q2,2
39,2013-05-06,2013,5,May,Q2,6
40,2013-05-10,2013,5,May,Q2,10
41,2013-05-24,2013,5,May,Q2,24
42,2013-05-31,2013,5,May,Q2,31
43,2013-06-20,2013,6,June,Q2,20
44,2013-06-22,2013,6,June,Q2,22
45,2013-06-28,2013,6,June,Q2,28
46,2013-06-30,2013,6,June,Q2,30
47,2013-07-09,2013,7,July,Q3,9
48,2013-07-11,2013,7,July,Q3,11
49,2013-07-14,2013,7,July,Q3,14
50,2013-08-01,2013,8,August,Q3,1
51,2013-08-08,2013,8,August,Q3,8
52,2013-09-01,2013,9,September,Q3,1
53,2013-09-04,2013,9,September,Q3,4
54,2013-09-06,2013,9,September,Q3,6
55,2013-09-07,2013,9,September,Q3,7
56,2013-09-11,2013,9,September,Q3,11
57,2013-09-16,2013,9,September,Q3,16
58,2013-09-24,2013,9,September,Q3,24
59,2013-09-28,2013,9,September,Q3,28
60,2013-10-01,2013,10,October,Q4,1
61,2013-10-09,2013,10,October,Q4,9
62,2013-10-15,2013,10,October,Q4,15
63,2013-10-17,2013,10,October,Q4,17
64,2013-11-01,2013,11,November,Q4,1
65,2013-11-09,2013,11,November,Q4,9
66,2013-11-21,2013,11,November,Q4,21
67,2013-12-04,2013,12,December,Q4,4
68,2013-12-14,2013,12,December,Q4,14
69,2013-12-15,2013,12,December,Q4,15
70,2013-12-25,2013,12,December,Q4,25
71,2014-01-02,2014,1,January,Q1,2
72,2014-01-03,2014,1,January,Q1,3
73,2014-01-04,2014,1,January,Q1,4
74,2014-01-05,2014,1,January,Q1,5
75,2014-01-07,2014,1,January,Q1,7
76,2014-01-13,2014,1,January,Q1,13
77,2014-02-01,2014,2,February,Q1,1
78,2014-02-03,2014,2,February,Q1,3
79,2014-03-24,2014,3,March,Q1,24
80,2014-03-28,2014,3,March,Q1,28
81,2014-04-02,2014,4,April,Q2,2
82,2014-04-11,2014,4,April,Q2,11
83,2014-04-15,2014,4,April,Q2,15
84,2014-04-17,2014,4,April,Q2,17
85,2014-04-19,2014,4,April,Q2,19
86,2014-04-20,2014,4,April,Q2,20
87,2014-04-21,2014,4,April,Q2,21
88,2014-04-22,2014,4,April,Q2,22
89,2014-04-23,2014,4,April,Q2,23
90,2014-04-24,2014,4,April,Q2,24
91,2014-04-27,2014,4,April,Q2,27
92,2014-04-28,2014,4,April,Q2,28
93,2014-05-02,2014,5,May,Q2,2
94,2014-05-05,2014,5,May,Q2,5
95,2014-05-13,2014,5,May,Q2,13
96,2014-05-17,2014,5,May,Q2,17
97,2014-05-19,2014,5,May,Q2,19
98,2014-05-20,2014,5,May,Q2,20
99,2014-05-24,2014,5,May,Q2,24
100,2014-05-27,2014,5,May,Q2,27
101,2014-05-29,2014,5,May,Q2,29
102,2014-06-02,2014,6,June,Q2,2
103,2014-06-06,2014,6,June,Q2,6
104,2014-06-09,2014,6,June,Q2,9
105,2014-06-10,2014,6,June,Q2,10
106,2014-06-13,2014,6,June,Q2,13
107,2014-06-14,2014,6,June,Q2,14
108,2014-06-21,2014,6,June,Q2,21
109,2014-06-26,2014,6,June,Q2,26
110,2014-06-27,2014,6,June,Q2,27
111,2014-06-28,2014,6,June,Q2,28
112,2014-06-30,2014,6,June,Q2,30
113,2014-07-08,2014,7,July,Q3,8
114,2014-07-10,2014,7,July,Q3,10
115,2014-07-11,2014,7,July,Q3,11
116,2014-07-12,2014,7,July,Q3,12
117,2014-07-13,2014,7,July,Q3,13
118,2014-07-15,2014,7,July,Q3,15
119,2014-07-21,2014,7,July,Q3,21
120,2014-07-28,2014,7,July,Q3,28
121,2014-08-01,2014,8,August,Q3,1
122,2014-08-03,2014,8,August,Q3,3
123,2014-08-04,2014,8,August,Q3,4
124,2014-08-05,2014,8,August,Q3,5
125,2014-08-07,2014,8,August,Q3,7
126,2014-08-09,2014,8,August,Q3,9
127,2014-08-10,2014,8,August,Q3,10
128,2014-08-13,2014,8,August,Q3,13
129,2014-08-15,2014,8,August,Q3,15
130,2014-08-16,2014,8,August,Q3,16
131,2014-08-17,2014,8,August,Q3,17
132,2014-08-18,2014,8,August,Q3,18
133,2014-08-19,2014,8,August,Q3,19
134,2014-08-20,2014,8,August,Q3,20
135,2014-08-21,2014,8,August,Q3,21
136,2014-08-22,2014,8,August,Q3,22
137,2014-08-23,2014,8,August,Q3,23
138,2014-08-24,2014,8,August,Q3,24
139,2014-08-25,2014,8,August,Q3,25
140,2014-08-27,2014,8,August,Q3,27
141,2014-08-28,2014,8,August,Q3,28
142,2014-08-30,2014,8,August,Q3,30
143,2014-08-31,2014,8,August,Q3,31
144,2014-09-01,2014,9,September,Q3,1
145,2014-09-03,2014,9,September,Q3,3
146,2014-09-04,2014,9,September,Q3,4
147,2014-09-06,2014,9,September,Q3,6
148,2014-09-07,2014,9,September,Q3,7
149,2014-09-09,2014,9,September,Q3,9
150,2014-09-12,2014,9,September,Q3,12
151,2014-09-14,2014,9,September,Q3,14
152,2014-09-15,2014,9,September,Q3,15
153,2014-09-17,2014,9,September,Q3,17
154,2014-09-18,2014,9,September,Q3,18
155,2014-09-20,2014,9,September,Q3,20
156,2014-09-21,2014,9,September,Q3,21
157,2014-09-22,2014,9,September,Q3,22
158,2014-09-23,2014,9,September,Q3,23
159,2014-09-24,2014,9,September,Q3,24
160,2014-09-25,2014,9,September,Q3,25
161,2014-09-27,2014,9,September,Q3,27
162,2014-09-28,2014,9,September,Q3,28
163,2014-09-29,2014,9,September,Q3,29
164,2014-09-30,2014,9,September,Q3,30
165,2014-10-02,2014,10,October,Q4,2
166,2014-10-04,2014,10,October,Q4,4
167,2014-10-05,2014,10,October,Q4,5
168,2014-10-06,2014,10,October,Q4,6
169,2014-10-08,2014,10,October,Q4,8
170,2014-10-11,2014,10,October,Q4,11
171,2014-10-12,2014,10,October,Q4,12
172,2014-10-13,2014,10,October,Q4,13
173,2014-10-14,2014,10,October,Q4,14
174,2014-10-17,2014,10,October,Q4,17
175,2014-10-18,2014,10,October,Q4,18
176,2014-10-19,2014,10,October,Q4,19
177,2014-10-20,2014,10,October,Q4,20
178,2014-10-22,2014,10,October,Q4,22
179,2014-10-24,2014,10,October,Q4,24
180,2014-10-26,2014,10,October,Q4,26
181,2014-10-27,2014,10,October,Q4,27
182,2014-10-28,2014,10,October,Q4,28
183,2014-10-31,2014,10,October,Q4,31
184,2014-11-01,2014,11,November,Q4,1
185,2014-11-02,2014,11,November,Q4,2
186,2014-11-03,2014,11,November,Q4,3
187,2014-11-04,2014,11,November,Q4,4
188,2014-11-06,2014,11,November,Q4,6
189,2014-11-09,2014,11,November,Q4,9
190,2014-11-10,2014,11,November,Q4,10
191,2014-11-14,2014,11,November,Q4,14
192,2014-11-15,2014,11,November,Q4,15
193,2014-11-28,2014,11,November,Q4,28
194,2014-11-30,2014,11,November,Q4,30
195,2014-12-03,2014,12,December,Q4,3
196,2014-12-08,2014,12,December,Q4,8
197,2014-12-19,2014,12,December,Q4,19
198,2014-12-22,2014,12,December,Q4,22
199,2014-12-26,2014,12,December,Q4,26
200,2014-12-27,2014,12,December,Q4,27
201,2014-12-30,2014,12,December,Q4,30
202,2014-12-31,2014,12,December,Q4,31
203,2015-01-01,2015,1,January,Q1,1
204,2015-01-02,2015,1,January,Q1,2
205,2015-01-03,2015,1,January,Q1,3
206,2015-01-04,2015,1,January,Q1,4
207,2015-01-05,2015,1,January,Q1,5
208,2015-01-06,2015,1,January,Q1,6
209,2015-01-07,2015,1,January,Q1,7
210,2015-01-08,2015,1,January,Q1,8
211,2015-01-09,2015,1,January,Q1,9
212,2015-01-10,2015,1,January,Q1,10
213,2015-01-11,2015,1,January,Q1,11
214,2015-01-12,2015,1,January,Q1,12
215,2015-01-15,2015,1,January,Q1,15
216,2015-01-18,2015,1,January,Q1,18
217,2015-01-21,2015,1,January,Q1,21
218,2015-01-30,2015,1,January,Q1,30
219,2015-02-04,2015,2,February,Q1,4
220,2015-02-05,2015,2,February,Q1,5
221,2015-02-06,2015,2,February,Q1,6
222,2015-02-12,2015,2,February,Q1,12
223,2015-02-16,2015,2,February,Q1,16
224,2015-02-17,2015,2,February,Q1,17
225,2015-02-20,2015,2,February,Q1,20
226,2015-02-21,2015,2,February,Q1,21
227,2015-02-22,2015,2,February,Q1,22
228,2015-02-23,2015,2,February,Q1,23
229,2015-02-25,2015,2,February,Q1,25
230,2015-02-28,2015,2,February,Q1,28
231,2015-03-02,2015,3,March,Q1,2
232,2015-03-05,2015,3,March,Q1,5
233,2015-03-06,2015,3,March,Q1,6
234,2015-03-10,2015,3,March,Q1,10
235,2015-03-11,2015,3,March,Q1,11
236,2015-03-13,2015,3,March,Q1,13
237,2015-03-14,2015,3,March,Q1,14
238,2015-03-16,2015,3,March,Q1,16
239,2015-03-17,2015,3,March,Q1,17
240,2015-03-18,2015,3,March,Q1,18
241,2015-03-21,2015,3,March,Q1,21
242,2015-03-22,2015,3,March,Q1,22
243,2015-03-23,2015,3,March,Q1,23
244,2015-03-25,2015,3,March,Q1,25
245,2015-03-27,2015,3,March,Q1,27
246,2015-03-30,2015,3,March,Q1,30
247,2015-03-31,2015,3,March,Q1,31
248,2015-04-01,2015,4,April,Q2,1
249,2015-04-02,2015,4,April,Q2,2
250,2015-04-03,2015,4,April,Q2,3
251,2015-04-06,2015,4,April,Q2,6
252,2015-04-07,2015,4,April,Q2,7
253,2015-04-08,2015,4,April,Q2,8
254,2015-04-09,2015,4,April,Q2,9
255,2015-04-11,2015,4,April,Q2,11
256,2015-04-12,2015,4,April,Q2,12
257,2015-04-14,2015,4,April,Q2,14
258,2015-04-21,2015,4,April,Q2,21
259,2015-04-22,2015,4,April,Q2,22
260,2015-04-24,2015,4,April,Q2,24
261,2015-04-25,2015,4,April,Q2,25
262,2015-04-26,2015,4,April,Q2,26
263,2015-04-27,2015,4,April,Q2,27
264,2015-04-28,2015,4,April,Q2,28
265,2015-04-30,2015,4,April,Q2,30
266,2015-05-01,2015,5,May,Q2,1
267,2015-05-03,2015,5,May,Q2,3
268,2015-05-04,2015,5,May,Q2,4
269,2015-05-05,2015,5,May,Q2,5
270,2015-05-06,2015,5,May,Q2,6
271,2015-05-07,2015,5,May,Q2,7
272,2015-05-08,2015,5,May,Q2,8
273,2015-05-09,2015,5,May,Q2,9
274,2015-05-10,2015,5,May,Q2,10
275,2015-05-13,2015,5,May,Q2,13
276,2015-05-14,2015,5,May,Q2,14
277,2015-05-15,2015,5,May,Q2,15
278,2015-05-16,2015,5,May,Q2,16
279,2015-05-17,2015,5,May,Q2,17
280,2015-05-18,2015,5,May,Q2,18
281,2015-05-19,2015,5,May,Q2,19
282,2015-05-20,2015,5,May,Q2,20
283,2015-05-21,2015,5,May,Q2,21
284,2015-05-22,2015,5,May,Q2,22
285,2015-05-23,2015,5,May,Q2,23
286,2015-05-24,2015,5,May,Q2,24
287,2015-05-25,2015,5,May,Q2,25
288,2015-05-26,2015,5,May,Q2,26
289,2015-05-27,2015,5,May,Q2,27
290,2015-05-29,2015,5,May,Q2,29
291,2015-05-30,2015,5,May,Q2,30
292,2015-05-31,2015,5,May,Q2,31
293,2015-06-01,2015,6,June,Q2,1
294,2015-06-02,2015,6,June,Q2,2
295,2015-06-03,2015,6,June,Q2,3
296,2015-06-05,2015,6,June,Q2,5
297,2015-06-06,2015,6,June,Q2,6
298,2015-06-07,2015,6,June,Q2,7
299,2015-06-08,2015,6,June,Q2,8
300,2015-06-09,2015,6,June,Q2,9
301,2015-06-10,2015,6,June,Q2,10
302,2015-06-11,2015,6,June,Q2,11
303,2015-06-12,2015,6,June,Q2,12
304,2015-06-13,2015,6,June,Q2,13
305,2015-06-14,2015,6,June,Q2,14
306,2015-06-15,2015,6,June,Q2,15
307,2015-06-16,2015,6,June,Q2,16
308,2015-06-17,2015,6,June,Q2,17
309,2015-06-18,2015,6,June,Q2,18
310,2015-06-19,2015,6,June,Q2,19
311,2015-06-20,2015,6,June,Q2,20
312,2015-06-21,2015,6,June,Q2,21
313,2015-06-22,2015,6,June,Q2,22
314,2015-06-23,2015,6,June,Q2,23
315,2015-06-24,2015,6,June,Q2,24
316,2015-06-25,2015,6,June,Q2,25
317,2015-06-26,2015,6,June,Q2,26
318,2015-06-27,2015,6,June,Q2,27
319,2015-06-28,2015,6,June,Q2,28
320,2015-06-29,2015,6,June,Q2,29
321,2015-06-30,2015,6,June,Q2,30
322,2015-07-01,2015,7,July,Q3,1
323,2015-07-02,2015,7,July,Q3,2
324,2015-07-03,2015,7,July,Q3,3
325,2015-07-05,2015,7,July,Q3,5
326,2015-07-06,2015,7,July,Q3,6
327,2015-07-08,2015,7,July,Q3,8
328,2015-07-09,2015,7,July,Q3,9
329,2015-07-10,2015,7,July,Q3,10
330,2015-07-11,2015,7,July,Q3,11
331,2015-07-12,2015,7,July,Q3,12
332,2015-07-13,2015,7,July,Q3,13
333,2015-07-14,2015,7,July,Q3,14
334,2015-07-15,2015,7,July,Q3,15
335,2015-07-16,2015,7,July,Q3,16
336,2015-07-17,2015,7,July,Q3,17
337,2015-07-18,2015,7,July,Q3,18
338,2015-07-19,2015,7,July,Q3,19
339,2015-07-20,2015,7,July,Q3,20
340,2015-07-21,2015,7,July,Q3,21
341,2015-07-22,2015,7,July,Q3,22
342,2015-07-23,2015,7,July,Q3,23
343,2015-07-24,2015,7,July,Q3,24
344,2015-07-25,2015,7,July,Q3,25
345,2015-07-26,2015,7,July,Q3,26
346,2015-07-27,2015,7,July,Q3,27
347,2015-07-28,2015,7,July,Q3,28
348,2015-07-30,2015,7,July,Q3,30
349,2015-07-31,2015,7,July,Q3,31
350,2015-08-01,2015,8,August,Q3,1
351,2015-08-02,2015,8,August,Q3,2
352,2015-08-03,2015,8,August,Q3,3
353,2015-08-04,2015,8,August,Q3,4
354,2015-08-05,2015,8,August,Q3,5
355,2015-08-07,2015,8,August,Q3,7
356,2015-08-08,2015,8,August,Q3,8
357,2015-08-09,2015,8,August,Q3,9
358,2015-08-10,2015,8,August,Q3,10
359,2015-08-11,2015,8,August,Q3,11
360,2015-08-12,2015,8,August,Q3,12
361,2015-08-13,2015,8,August,Q3,13
362,2015-08-14,2015,8,August,Q3,14
363,2015-08-15,2015,8,August,Q3,15
364,2015-08-16,2015,8,August,Q3,16
365,2015-08-17,2015,8,August,Q3,17
366,2015-08-18,2015,8,August,Q3,18
367,2015-08-19,2015,8,August,Q3,19
368,2015-08-20,2015,8,August,Q3,20
369,2015-08-21,2015,8,August,Q3,21
370,2015-08-22,2015,8,August,Q3,22
371,2015-08-23,2015,8,August,Q3,23
372,2015-08-24,2015,8,August,Q3,24
373,2015-08-25,2015,8,August,Q3,25
374,2015-08-26,2015,8,August,Q3,26
375,2015-08-27,2015,8,August,Q3,27
376,2015-08-28,2015,8,August,Q3,28
377,2015-08-29,2015,8,August,Q3,29
378,2015-08-30,2015,8,August,Q3,30
379,2015-08-31,2015,8,August,Q3,31
380,2015-09-01,2015,9,September,Q3,1
381,2015-09-02,2015,9,September,Q3,2
382,2015-09-03,2015,9,September,Q3,3
383,2015-09-04,2015,9,September,Q3,4
384,2015-09-05,2015,9,September,Q3,5
385,2015-09-06,2015,9,September,Q3,6
386,2015-09-07,2015,9,September,Q3,7
387,2015-09-08,2015,9,September,Q3,8
388,2015-09-09,2015,9,September,Q3,9
389,2015-09-10,2015,9,September,Q3,10
390,2015-09-12,2015,9,September,Q3,12
391,2015-09-13,2015,9,September,Q3,13
392,2015-09-14,2015,9,September,Q3,14
393,2015-09-15,2015,9,September,Q3,15
394,2015-09-16,2015,9,September,Q3,16
395,2015-09-17,2015,9,September,Q3,17
396,2015-09-18,2015,9,September,Q3,18
397,2015-09-19,2015,9,September,Q3,19
398,2015-09-20,2015,9,September,Q3,20
399,2015-09-21,2015,9,September,Q3,21
400,2015-09-22,2015,9,September,Q3,22
401,2015-09-23,2015,9,September,Q3,23
402,2015-09-24,2015,9,September,Q3,24
403,2015-09-25,2015,9,September,Q3,25
404,2015-09-26,2015,9,September,Q3,26
405,2015-09-27,2015,9,September,Q3,27
406,2015-09-28,2015,9,September,Q3,28
407,2015-09-29,2015,9,September,Q3,29
408,2015-09-30,2015,9,September,Q3,30
409,2015-10-01,2015,10,October,Q4,1
410,2015-10-02,2015,10,October,Q4,2
411,2015-10-03,2015,10,October,Q4,3
412,2015-10-04,2015,10,October,Q4,4
413,2015-10-05,2015,10,October,Q4,5
414,2015-10-06,2015,10,October,Q4,6
415,2015-10-07,2015,10,October,Q4,7
416,2015-10-08,2015,10,October,Q4,8
417,2015-10-09,2015,10,October,Q4,9
418,2015-10-10,2015,10,October,Q4,10
419,2015-10-11,2015,10,October,Q4,11
420,2015-10-12,2015,10,October,Q4,12
421,2015-10-13,2015,10,October,Q4,13
422,2015-10-14,2015,10,October,Q4,14
423,2015-10-15,2015,10,October,Q4,15
424,2015-10-16,2015,10,October,Q4,16
425,2015-10-17,2015,10,October,Q4,17
426,2015-10-18,2015,10,October,Q4,18
427,2015-10-19,2015,10,October,Q4,19
428,2015-10-20,2015,10,October,Q4,20
429,2015-10-21,2015,10,October,Q4,21
430,2015-10-22,2015,10,October,Q4,22
431,2015-10-23,2015,10,October,Q4,23
432,2015-10-24,2015,10,October,Q4,24
433,2015-10-25,2015,10,October,Q4,25
434,2015-10-26,2015,10,October,Q4,26
435,2015-10-27,2015,10,October,Q4,27
436,2015-10-28,2015,10,October,Q4,28
437,2015-10-29,2015,10,October,Q4,29
438,2015-10-30,2015,10,October,Q4,30
439,2015-10-31,2015,10,October,Q4,31
440,2015-11-01,2015,11,November,Q4,1
441,2015-11-02,2015,11,November,Q4,2
442,2015-11-03,2015,11,November,Q4,3
443,2015-11-04,2015,11,November,Q4,4
444,2015-11-05,2015,11,November,Q4,5
445,2015-11-06,2015,11,November,Q4,6
446,2015-11-07,2015,11,November,Q4,7
447,2015-11-08,2015,11,November,Q4,8
448,2015-11-09,2015,11,November,Q4,9
449,2015-11-10,2015,11,November,Q4,10
450,2015-11-11,2015,11,November,Q4,11
451,2015-11-12,2015,11,November,Q4,12
452,2015-11-13,2015,11,November,Q4,13
453,2015-11-14,2015,11,November,Q4,14
454,2015-11-15,2015,11,November,Q4,15
455,2015-11-16,2015,11,November,Q4,16
456,2015-11-17,2015,11,November,Q4,17
457,2015-11-18,2015,11,November,Q4,18
458,2015-11-19,2015,11,November,Q4,19
459,2015-11-20,2015,11,November,Q4,20
460,2015-11-21,2015,11,November,Q4,21
461,2015-11-22,2015,11,November,Q4,22
462,2015-11-23,2015,11,November,Q4,23
463,2015-11-25,2015,11,November,Q4,25
464,2015-11-26,2015,11,November,Q4,26
465,2015-11-27,2015,11,November,Q4,27
466,2015-11-28,2015,11,November,Q4,28
467,2015-11-29,2015,11,November,Q4,29
468,2015-12-01,2015,12,December,Q4,1
469,2015-12-02,2015,12,December,Q4,2
470,2015-12-03,2015,12,December,Q4,3
471,2015-12-04,2015,12,December,Q4,4
472,2015-12-05,2015,12,December,Q4,5
473,2015-12-06,2015,12,December,Q4,6
474,2015-12-07,2015,12,December,Q4,7
475,2015-12-08,2015,12,December,Q4,8
476,2015-12-09,2015,12,December,Q4,9
477,2015-12-10,2015,12,December,Q4,10
478,2015-12-11,2015,12,December,Q4,11
479,2015-12-12,2015,12,December,Q4,12
480,2015-12-13,2015,12,December,Q4,13
481,2015-12-14,2015,12,December,Q4,14
482,2015-12-15,2015,12,December,Q4,15
483,2015-12-16,2015,12,December,Q4,16
484,2015-12-17,2015,12,December,Q4,17
485,2015-12-18,2015,12,December,Q4,18
486,2015-12-19,2015,12,December,Q4,19
487,2015-12-20,2015,12,December,Q4,20
488,2015-12-21,2015,12,December,Q4,21
489,2015-12-22,2015,12,December,Q4,22
490,2015-12-23,2015,12,December,Q4,23
491,2015-12-24,2015,12,December,Q4,24
492,2015-12-25,2015,12,December,Q4,25
493,2015-12-26,2015,12,December,Q4,26
494,2015-12-27,2015,12,December,Q4,27
495,2015-12-28,2015,12,December,Q4,28
496,2015-12-29,2015,12,December,Q4,29
497,2015-12-30,2015,12,December,Q4,30
498,2015-12-31,2015,12,December,Q4,31
499,2016-01-01,2016,1,January,Q1,1
500,2016-01-02,2016,1,January,Q1,2
501,2016-01-03,2016,1,January,Q1,3
502,2016-01-04,2016,1,January,Q1,4
503,2016-01-05,2016,1,January,Q1,5
504,2016-01-06,2016,1,January,Q1,6
505,2016-01-07,2016,1,January,Q1,7
506,2016-01-08,2016,1,January,Q1,8
507,2016-01-09,2016,1,January,Q1,9
508,2016-01-10,2016,1,January,Q1,10
509,2016-01-11,2016,1,January,Q1,11
510,2016-01-12,2016,1,January,Q1,12
511,2016-01-13,2016,1,January,Q1,13
512,2016-01-14,2016,1,January,Q1,14
513,2016-01-15,2016,1,January,Q1,15
514,2016-01-16,2016,1,January,Q1,16
515,2016-01-17,2016,1,January,Q1,17
516,2016-01-18,2016,1,January,Q1,18
517,2016-01-19,2016,1,January,Q1,19
518,2016-01-20,2016,1,January,Q1,20
519,2016-01-21,2016,1,January,Q1,21
520,2016-01-23,2016,1,January,Q1,23
521,2016-01-24,2016,1,January,Q1,24
522,2016-01-25,2016,1,January,Q1,25
523,2016-01-26,2016,1,January,Q1,26
524,2016-01-27,2016,1,January,Q1,27
525,2016-01-28,2016,1,January,Q1,28
526,2016-01-29,2016,1,January,Q1,29
527,2016-01-30,2016,1,January,Q1,30
528,2016-01-31,2016,1,January,Q1,31
529,2016-02-01,2016,2,February,Q1,1
530,2016-02-02,2016,2,February,Q1,2
531,2016-02-03,2016,2,February,Q1,3
532,2016-02-04,2016,2,February,Q1,4
533,2016-02-05,2016,2,February,Q1,5
534,2016-02-07,2016,2,February,Q1,7
535,2016-02-08,2016,2,February,Q1,8
536,2016-02-10,2016,2,February,Q1,10
537,2016-02-12,2016,2,February,Q1,12
538,2016-02-13,2016,2,February,Q1,13
539,2016-02-14,2016,2,February,Q1,14
540,2016-02-15,2016,2,February,Q1,15
541,2016-02-16,2016,2,February,Q1,16
542,2016-02-18,2016,2,February,Q1,18
543,2016-02-19,2016,2,February,Q1,19
544,2016-02-20,2016,2,February,Q1,20
545,2016-02-21,2016,2,February,Q1,21
546,2016-02-22,2016,2,February,Q1,22
547,2016-02-24,2016,2,February,Q1,24
548,2016-02-25,2016,2,February,Q1,25
549,2016-02-26,2016,2,February,Q1,26
550,2016-02-27,2016,2,February,Q1,27
551,2016-02-29,2016,2,February,Q1,29
552,2016-03-01,2016,3,March,Q1,1
553,2016-03-02,2016,3,March,Q1,2
554,2016-03-03,2016,3,March,Q1,3
555,2016-03-04,2016,3,March,Q1,4
556,2016-03-05,2016,3,March,Q1,5
557,2016-03-06,2016,3,March,Q1,6
558,2016-03-07,2016,3,March,Q1,7
559,2016-03-08,2016,3,March,Q1,8
560,2016-03-09,2016,3,March,Q1,9
561,2016-03-10,2016,3,March,Q1,10
562,2016-03-11,2016,3,March,Q1,11
563,2016-03-12,2016,3,March,Q1,12
564,2016-03-13,2016,3,March,Q1,13
565,2016-03-15,2016,3,March,Q1,15
566,2016-03-16,2016,3,March,Q1,16
567,2016-03-17,2016,3,March,Q1,17
568,2016-03-18,2016,3,March,Q1,18
569,2016-03-19,2016,3,March,Q1,19
570,2016-03-20,2016,3,March,Q1,20
571,2016-03-21,2016,3,March,Q1,21
572,2016-03-22,2016,3,March,Q1,22
573,2016-03-23,2016,3,March,Q1,23
574,2016-03-24,2016,3,March,Q1,24
575,2016-03-25,2016,3,March,Q1,25
576,2016-03-26,2016,3,March,Q1,26
577,2016-03-27,2016,3,March,Q1,27
578,2016-03-28,2016,3,March,Q1,28
579,2016-03-29,2016,3,March,Q1,29
580,2016-03-30,2016,3,March,Q1,30
581,2016-03-31,2016,3,March,Q1,31
582,2016-04-01,2016,4,April,Q2,1
583,2016-04-02,2016,4,April,Q2,2
584,2016-04-03,2016,4,April,Q2,3
585,2016-04-04,2016,4,April,Q2,4
586,2016-04-05,2016,4,April,Q2,5
587,2016-04-06,2016,4,April,Q2,6
588,2016-04-07,2016,4,April,Q2,7
589,2016-04-08,2016,4,April,Q2,8
590,2016-04-09,2016,4,April,Q2,9
591,2016-04-10,2016,4,April,Q2,10
592,2016-04-11,2016,4,April,Q2,11
593,2016-04-12,2016,4,April,Q2,12
594,2016-04-13,2016,4,April,Q2,13
595,2016-04-14,2016,4,April,Q2,14
596,2016-04-15,2016,4,April,Q2,15
597,2016-04-16,2016,4,April,Q2,16
598,2016-04-17,2016,4,April,Q2,17
599,2016-04-18,2016,4,April,Q2,18
600,2016-04-19,2016,4,April,Q2,19
601,2016-04-20,2016,4,April,Q2,20
602,2016-04-21,2016,4,April,Q2,21
603,2016-04-22,2016,4,April,Q2,22
604,2016-04-23,2016,4,April,Q2,23
605,2016-04-24,2016,4,April,Q2,24
606,2016-04-25,2016,4,April,Q2,25
607,2016-04-26,2016,4,April,Q2,26
608,2016-04-27,2016,4,April,Q2,27
609,2016-04-28,2016,4,April,Q2,28
610,2016-04-29,2016,4,April,Q2,29
611,2016-04-30,2016,4,April,Q2,30
612,2016-05-01,2016,5,May,Q2,1
613,2016-05-02,2016,5,May,Q2,2
614,2016-05-03,2016,5,May,Q2,3
615,2016-05-04,2016,5,May,Q2,4
616,2016-05-05,2016,5,May,Q2,5
617,2016-05-06,2016,5,May,Q2,6
618,2016-05-07,2016,5,May,Q2,7
619,2016-05-08,2016,5,May,Q2,8
620,2016-05-09,2016,5,May,Q2,9
621,2016-05-10,2016,5,May,Q2,10
622,2016-05-11,2016,5,May,Q2,11
623,2016-05-12,2016,5,May,Q2,12
624,2016-05-13,2016,5,May,Q2,13
625,2016-05-14,2016,5,May,Q2,14
626,2016-05-15,2016,5,May,Q2,15
627,2016-05-16,2016,5,May,Q2,16
628,2016-05-17,2016,5,May,Q2,17
629,2016-05-18,2016,5,May,Q2,18
630,2016-05-19,2016,5,May,Q2,19
631,2016-05-20,2016,5,May,Q2,20
632,2016-05-21,2016,5,May,Q2,21
633,2016-05-22,2016,5,May,Q2,22
634,2016-05-23,2016,5,May,Q2,23
635,2016-05-24,2016,5,May,Q2,24
636,2016-05-25,2016,5,May,Q2,25
637,2016-05-26,2016,5,May,Q2,26
638,2016-05-27,2016,5,May,Q2,27
639,2016-05-28,2016,5,May,Q2,28
640,2016-05-29,2016,5,May,Q2,29
641,2016-05-30,2016,5,May,Q2,30
642,2016-05-31,2016,5,May,Q2,31
643,2016-06-01,2016,6,June,Q2,1
644,2016-06-02,2016,6,June,Q2,2
645,2016-06-03,2016,6,June,Q2,3
646,2016-06-04,2016,6,June,Q2,4
647,2016-06-05,2016,6,June,Q2,5
648,2016-06-06,2016,6,June,Q2,6
649,2016-06-07,2016,6,June,Q2,7
650,2016-06-08,2016,6,June,Q2,8
651,2016-06-09,2016,6,June,Q2,9
652,2016-06-10,2016,6,June,Q2,10
653,2016-06-11,2016,6,June,Q2,11
654,2016-06-12,2016,6,June,Q2,12
655,2016-06-13,2016,6,June,Q2,13
656,2016-06-14,2016,6,June,Q2,14
657,2016-06-15,2016,6,June,Q2,15
658,2016-06-16,2016,6,June,Q2,16
659,2016-06-17,2016,6,June,Q2,17
660,2016-06-18,2016,6,June,Q2,18
661,2016-06-19,2016,6,June,Q2,19
662,2016-06-20,2016,6,June,Q2,20
663,2016-06-21,2016,6,June,Q2,21
664,2016-06-22,2016,6,June,Q2,22
665,2016-06-23,2016,6,June,Q2,23
666,2016-06-24,2016,6,June,Q2,24
667,2016-06-25,2016,6,June,Q2,25
668,2016-06-26,2016,6,June,Q2,26
669,2016-06-27,2016,6,June,Q2,27
670,2016-06-28,2016,6,June,Q2,28
671,2016-06-29,2016,6,June,Q2,29
672,2016-06-30,2016,6,June,Q2,30
673,2016-07-01,2016,7,July,Q3,1
674,2016-07-02,2016,7,July,Q3,2
675,2016-07-03,2016,7,July,Q3,3
676,2016-07-04,2016,7,July,Q3,4
677,2016-07-05,2016,7,July,Q3,5
678,2016-07-06,2016,7,July,Q3,6
679,2016-07-07,2016,7,July,Q3,7
680,2016-07-08,2016,7,July,Q3,8
681,2016-07-09,2016,7,July,Q3,9
682,2016-07-10,2016,7,July,Q3,10
683,2016-07-11,2016,7,July,Q3,11
684,2016-07-12,2016,7,July,Q3,12
685,2016-07-13,2016,7,July,Q3,13
686,2016-07-14,2016,7,July,Q3,14
687,2016-07-15,2016,7,July,Q3,15
688,2016-07-16,2016,7,July,Q3,16
689,2016-07-17,2016,7,July,Q3,17
690,2016-07-18,2016,7,July,Q3,18
691,2016-07-19,2016,7,July,Q3,19
692,2016-07-20,2016,7,July,Q3,20
693,2016-07-21,2016,7,July,Q3,21
694,2016-07-22,2016,7,July,Q3,22
695,2016-07-23,2016,7,July,Q3,23
696,2016-07-24,2016,7,July,Q3,24
697,2016-07-25,2016,7,July,Q3,25
698,2016-07-26,2016,7,July,Q3,26
699,2016-07-27,2016,7,July,Q3,27
700,2016-07-28,2016,7,July,Q3,28
701,2016-07-29,2016,7,July,Q3,29
702,2016-07-30,2016,7,July,Q3,30
703,2016-07-31,2016,7,July,Q3,31
704,2016-08-01,2016,8,August,Q3,1
705,2016-08-02,2016,8,August,Q3,2
706,2016-08-03,2016,8,August,Q3,3
707,2016-08-04,2016,8,August,Q3,4
708,2016-08-05,2016,8,August,Q3,5
709,2016-08-06,2016,8,August,Q3,6
710,2016-08-07,2016,8,August,Q3,7
711,2016-08-08,2016,8,August,Q3,8
712,2016-08-09,2016,8,August,Q3,9
713,2016-08-10,2016,8,August,Q3,10
714,2016-08-11,2016,8,August,Q3,11
715,2016-08-12,2016,8,August,Q3,12
716,2016-08-13,2016,8,August,Q3,13
717,2016-08-14,2016,8,August,Q3,14
718,2016-08-15,2016,8,August,Q3,15
719,2016-08-16,2016,8,August,Q3,16
720,2016-08-17,2016,8,August,Q3,17
721,2016-08-18,2016,8,August,Q3,18
722,2016-08-19,2016,8,August,Q3,19
723,2016-08-20,2016,8,August,Q3,20
724,2016-08-21,2016,8,August,Q3,21
725,2016-08-22,2016,8,August,Q3,22
726,2016-08-23,2016,8,August,Q3,23
727,2016-08-24,2016,8,August,Q3,24
728,2016-08-25,2016,8,August,Q3,25
729,2016-08-26,2016,8,August,Q3,26
730,2016-08-27,2016,8,August,Q3,27
731,2016-08-28,2016,8,August,Q3,28
732,2016-08-29,2016,8,August,Q3,29
733,2016-08-30,2016,8,August,Q3,30
734,2016-08-31,2016,8,August,Q3,31
735,2016-09-01,2016,9,September,Q3,1
736,2016-09-02,2016,9,September,Q3,2
737,2016-09-03,2016,9,September,Q3,3
738,2016-09-04,2016,9,September,Q3,4
739,2016-09-05,2016,9,September,Q3,5
740,2016-09-06,2016,9,September,Q3,6
741,2016-09-07,2016,9,September,Q3,7
742,2016-09-08,2016,9,September,Q3,8
743,2016-09-09,2016,9,September,Q3,9
744,2016-09-10,2016,9,September,Q3,10
745,2016-09-11,2016,9,September,Q3,11
746,2016-09-12,2016,9,September,Q3,12
747,2016-09-13,2016,9,September,Q3,13
748,2016-09-14,2016,9,September,Q3,14
749,2016-09-15,2016,9,September,Q3,15
750,2016-09-16,2016,9,September,Q3,16
751,2016-09-17,2016,9,September,Q3,17
752,2016-09-18,2016,9,September,Q3,18
753,2016-09-19,2016,9,September,Q3,19
754,2016-09-20,2016,9,September,Q3,20
755,2016-09-21,2016,9,September,Q3,21
756,2016-09-22,2016,9,September,Q3,22
757,2016-09-23,2016,9,September,Q3,23
758,2016-09-24,2016,9,September,Q3,24
759,2016-09-25,2016,9,September,Q3,25
760,2016-09-26,2016,9,September,Q3,26
761,2016-09-27,2016,9,September,Q3,27
762,2016-09-28,2016,9,September,Q3,28
763,2016-09-29,2016,9,September,Q3,29
764,2016-09-30,2016,9,September,Q3,30
765,2016-10-01,2016,10,October,Q4,1
766,2016-10-02,2016,10,October,Q4,2
767,2016-10-03,2016,10,October,Q4,3
768,2016-10-04,2016,10,October,Q4,4
769,2016-10-05,2016,10,October,Q4,5
770,2016-10-06,2016,10,October,Q4,6
771,2016-10-07,2016,10,October,Q4,7
772,2016-10-08,2016,10,October,Q4,8
773,2016-10-09,2016,10,October,Q4,9
774,2016-10-10,2016,10,October,Q4,10
775,2016-10-11,2016,10,October,Q4,11
776,2016-10-12,2016,10,October,Q4,12
777,2016-10-13,2016,10,October,Q4,13
778,2016-10-14,2016,10,October,Q4,14
779,2016-10-15,2016,10,October,Q4,15
780,2016-10-16,2016,10,October,Q4,16
781,2016-10-17,2016,10,October,Q4,17
782,2016-10-18,2016,10,October,Q4,18
783,2016-10-19,2016,10,October,Q4,19
784,2016-10-20,2016,10,October,Q4,20
785,2016-10-21,2016,10,October,Q4,21
786,2016-10-22,2016,10,October,Q4,22
787,2016-10-23,2016,10,October,Q4,23
788,2016-10-24,2016,10,October,Q4,24
789,2016-10-25,2016,10,October,Q4,25
790,2016-10-26,2016,10,October,Q4,26
791,2016-10-27,2016,10,October,Q4,27
792,2016-10-28,2016,10,October,Q4,28
793,2016-10-29,2016,10,October,Q4,29
794,2016-10-30,2016,10,October,Q4,30
795,2016-10-31,2016,10,October,Q4,31
796,2016-11-01,2016,11,November,Q4,1
797,2016-11-02,2016,11,November,Q4,2
798,2016-11-03,2016,11,November,Q4,3
799,2016-11-04,2016,11,November,Q4,4
800,2016-11-05,2016,11,November,Q4,5
801,2016-11-06,2016,11,November,Q4,6
802,2016-11-07,2016,11,November,Q4,7
803,2016-11-08,2016,11,November,Q4,8
804,2016-11-09,2016,11,November,Q4,9
805,2016-11-10,2016,11,November,Q4,10
806,2016-11-11,2016,11,November,Q4,11
807,2016-11-12,2016,11,November,Q4,12
808,2016-11-13,2016,11,November,Q4,13
809,2016-11-14,2016,11,November,Q4,14
810,2016-11-15,2016,11,November,Q4,15
811,2016-11-16,2016,11,November,Q4,16
812,2016-11-17,2016,11,November,Q4,17
813,2016-11-18,2016,11,November,Q4,18
814,2016-11-19,2016,11,November,Q4,19
815,2016-11-20,2016,11,November,Q4,20
816,2016-11-21,2016,11,November,Q4,21
817,2016-11-22,2016,11,November,Q4,22
818,2016-11-23,2016,11,November,Q4,23
819,2016-11-24,2016,11,November,Q4,24
820,2016-11-25,2016,11,November,Q4,25
821,2016-11-26,2016,11,November,Q4,26
822,2016-11-27,2016,11,November,Q4,27
823,2016-11-28,2016,11,November,Q4,28
824,2016-11-29,2016,11,November,Q4,29
825,2016-11-30,2016,11,November,Q4,30
826,2016-12-01,2016,12,December,Q4,1
827,2016-12-02,2016,12,December,Q4,2
828,2016-12-03,2016,12,December,Q4,3
829,2016-12-04,2016,12,December,Q4,4
830,2016-12-05,2016,12,December,Q4,5
831,2016-12-06,2016,12,December,Q4,6
832,2016-12-07,2016,12,December,Q4,7
833,2016-12-08,2016,12,December,Q4,8
834,2016-12-09,2016,12,December,Q4,9
835,2016-12-10,2016,12,December,Q4,10
836,2016-12-11,2016,12,December,Q4,11
837,2016-12-12,2016,12,December,Q4,12
838,2016-12-13,2016,12,December,Q4,13
839,2016-12-14,2016,12,December,Q4,14
840,2016-12-15,2016,12,December,Q4,15
841,2016-12-16,2016,12,December,Q4,16
842,2016-12-17,2016,12,December,Q4,17
843,2016-12-18,2016,12,December,Q4,18
844,2016-12-19,2016,12,December,Q4,19
845,2016-12-20,2016,12,December,Q4,20
846,2016-12-21,2016,12,December,Q4,21
847,2016-12-22,2016,12,December,Q4,22
848,2016-12-23,2016,12,December,Q4,23
849,2016-12-24,2016,12,December,Q4,24
850,2016-12-25,2016,12,December,Q4,25
851,2016-12-26,2016,12,December,Q4,26
852,2016-12-27,2016,12,December,Q4,27
853,2016-12-28,2016,12,December,Q4,28
854,2016-12-29,2016,12,December,Q4,29
855,2016-12-30,2016,12,December,Q4,30
856,2016-12-31,2016,12,December,Q4,31
857,2017-01-01,2017,1,January,Q1,1
858,2017-01-02,2017,1,January,Q1,2
859,2017-01-03,2017,1,January,Q1,3
860,2017-01-04,2017,1,January,Q1,4
861,2017-01-05,2017,1,January,Q1,5
862,2017-01-06,2017,1,January,Q1,6
863,2017-01-07,2017,1,January,Q1,7
864,2017-01-08,2017,1,January,Q1,8
865,2017-01-09,2017,1,January,Q1,9
866,2017-01-10,2017,1,January,Q1,10
867,2017-01-11,2017,1,January,Q1,11
868,2017-01-12,2017,1,January,Q1,12
869,2017-01-13,2017,1,January,Q1,13
870,2017-01-14,2017,1,January,Q1,14
871,2017-01-15,2017,1,January,Q1,15
872,2017-01-16,2017,1,January,Q1,16
873,2017-01-17,2017,1,January,Q1,17
874,2017-01-18,2017,1,January,Q1,18
875,2017-01-19,2017,1,January,Q1,19
876,2017-01-20,2017,1,January,Q1,20
877,2017-01-22,2017,1,January,Q1,22
878,2017-01-23,2017,1,January,Q1,23
879,2017-01-24,2017,1,January,Q1,24
880,2017-01-25,2017,1,January,Q1,25
881,2017-01-27,2017,1,January,Q1,27
882,2017-01-28,2017,1,January,Q1,28
883,2017-01-29,2017,1,January,Q1,29
884,2017-01-30,2017,1,January,Q1,30
885,2017-01-31,2017,1,January,Q1,31
886,2017-02-01,2017,2,February,Q1,1
887,2017-02-04,2017,2,February,Q1,4
888,2017-02-05,2017,2,February,Q1,5
889,2017-02-07,2017,2,February,Q1,7
890,2017-02-08,2017,2,February,Q1,8
891,2017-02-09,2017,2,February,Q1,9
892,2017-02-10,2017,2,February,Q1,10
893,2017-02-11,2017,2,February,Q1,11
894,2017-02-12,2017,2,February,Q1,12
895,2017-02-13,2017,2,February,Q1,13
896,2017-02-14,2017,2,February,Q1,14
897,2017-02-15,2017,2,February,Q1,15
898,2017-02-16,2017,2,February,Q1,16
899,2017-02-18,2017,2,February,Q1,18
900,2017-02-19,2017,2,February,Q1,19
901,2017-02-20,2017,2,February,Q1,20
902,2017-02-21,2017,2,February,Q1,21
903,2017-02-22,2017,2,February,Q1,22
904,2017-02-23,2017,2,February,Q1,23
905,2017-02-24,2017,2,February,Q1,24
906,2017-02-25,2017,2,February,Q1,25
907,2017-02-26,2017,2,February,Q1,26
908,2017-02-28,2017,2,February,Q1,28
909,2017-03-01,2017,3,March,Q1,1
910,2017-03-02,2017,3,March,Q1,2
911,2017-03-03,2017,3,March,Q1,3
912,2017-03-04,2017,3,March,Q1,4
913,2017-03-05,2017,3,March,Q1,5
914,2017-03-06,2017,3,March,Q1,6
915,2017-03-07,2017,3,March,Q1,7
916,2017-03-08,2017,3,March,Q1,8
917,2017-03-10,2017,3,March,Q1,10
918,2017-03-11,2017,3,March,Q1,11
919,2017-03-12,2017,3,March,Q1,12
920,2017-03-13,2017,3,March,Q1,13
921,2017-03-14,2017,3,March,Q1,14
922,2017-03-15,2017,3,March,Q1,15
923,2017-03-16,2017,3,March,Q1,16
924,2017-03-17,2017,3,March,Q1,17
925,2017-03-18,2017,3,March,Q1,18
926,2017-03-19,2017,3,March,Q1,19
927,2017-03-20,2017,3,March,Q1,20
928,2017-03-21,2017,3,March,Q1,21
929,2017-03-22,2017,3,March,Q1,22
930,2017-03-24,2017,3,March,Q1,24
931,2017-03-25,2017,3,March,Q1,25
932,2017-03-26,2017,3,March,Q1,26
933,2017-03-27,2017,3,March,Q1,27
934,2017-03-29,2017,3,March,Q1,29
935,2017-03-30,2017,3,March,Q1,30
936,2017-03-31,2017,3,March,Q1,31
937,2017-04-01,2017,4,April,Q2,1
938,2017-04-02,2017,4,April,Q2,2
939,2017-04-03,2017,4,April,Q2,3
940,2017-04-04,2017,4,April,Q2,4
941,2017-04-05,2017,4,April,Q2,5
942,2017-04-06,2017,4,April,Q2,6
943,2017-04-07,2017,4,April,Q2,7
944,2017-04-08,2017,4,April,Q2,8
945,2017-04-09,2017,4,April,Q2,9
946,2017-04-10,2017,4,April,Q2,10
947,2017-04-11,2017,4,April,Q2,11
948,2017-04-12,2017,4,April,Q2,12
949,2017-04-14,2017,4,April,Q2,14
950,2017-04-15,2017,4,April,Q2,15
951,2017-04-16,2017,4,April,Q2,16
952,2017-04-17,2017,4,April,Q2,17
953,2017-04-18,2017,4,April,Q2,18
954,2017-04-19,2017,4,April,Q2,19
955,2017-04-20,2017,4,April,Q2,20
956,2017-04-21,2017,4,April,Q2,21
957,2017-04-22,2017,4,April,Q2,22
958,2017-04-23,2017,4,April,Q2,23
959,2017-04-24,2017,4,April,Q2,24
960,2017-04-25,2017,4,April,Q2,25
961,2017-04-26,2017,4,April,Q2,26
962,2017-04-27,2017,4,April,Q2,27
963,2017-04-28,2017,4,April,Q2,28
964,2017-04-29,2017,4,April,Q2,29
965,2017-04-30,2017,4,April,Q2,30
966,2017-05-01,2017,5,May,Q2,1
967,2017-05-02,2017,5,May,Q2,2
968,2017-05-03,2017,5,May,Q2,3
969,2017-05-04,2017,5,May,Q2,4
970,2017-05-05,2017,5,May,Q2,5
971,2017-05-06,2017,5,May,Q2,6
972,2017-05-07,2017,5,May,Q2,7
973,2017-05-08,2017,5,May,Q2,8
974,2017-05-09,2017,5,May,Q2,9
975,2017-05-10,2017,5,May,Q2,10
976,2017-05-11,2017,5,May,Q2,11
977,2017-05-12,2017,5,May,Q2,12
978,2017-05-13,2017,5,May,Q2,13
979,2017-05-14,2017,5,May,Q2,14
980,2017-05-15,2017,5,May,Q2,15
981,2017-05-16,2017,5,May,Q2,16
982,2017-05-17,2017,5,May,Q2,17
983,2017-05-18,2017,5,May,Q2,18
984,2017-05-19,2017,5,May,Q2,19
985,2017-05-20,2017,5,May,Q2,20
986,2017-05-21,2017,5,May,Q2,21
987,2017-05-22,2017,5,May,Q2,22
988,2017-05-23,2017,5,May,Q2,23
989,2017-05-24,2017,5,May,Q2,24
990,2017-05-25,2017,5,May,Q2,25
991,2017-05-26,2017,5,May,Q2,26
992,2017-05-27,2017,5,May,Q2,27
993,2017-05-28,2017,5,May,Q2,28
994,2017-05-29,2017,5,May,Q2,29
995,2017-05-30,2017,5,May,Q2,30
996,2017-05-31,2017,5,May,Q2,31
997,2017-06-01,2017,6,June,Q2,1
998,2017-06-02,2017,6,June,Q2,2
999,2017-06-03,2017,6,June,Q2,3
1000,2017-06-04,2017,6,June,Q2,4
1001,2017-06-05,2017,6,June,Q2,5
1002,2017-06-06,2017,6,June,Q2,6
1003,2017-06-07,2017,6,June,Q2,7
1004,2017-06-08,2017,6,June,Q2,8
1005,2017-06-09,2017,6,June,Q2,9
1006,2017-06-10,2017,6,June,Q2,10
1007,2017-06-11,2017,6,June,Q2,11
1008,2017-06-12,2017,6,June,Q2,12
1009,2017-06-13,2017,6,June,Q2,13
1010,2017-06-14,2017,6,June,Q2,14
1011,2017-06-15,2017,6,June,Q2,15
1012,2017-06-16,2017,6,June,Q2,16
1013,2017-06-17,2017,6,June,Q2,17
1014,2017-06-18,2017,6,June,Q2,18
1015,2017-06-19,2017,6,June,Q2,19
1016,2017-06-20,2017,6,June,Q2,20
1017,2017-06-21,2017,6,June,Q2,21
1018,2017-06-22,2017,6,June,Q2,22
1019,2017-06-23,2017,6,June,Q2,23
1020,2017-06-24,2017,6,June,Q2,24
1021,2017-06-25,2017,6,June,Q2,25
1022,2017-06-26,2017,6,June,Q2,26
1023,2017-06-27,2017,6,June,Q2,27
1024,2017-06-28,2017,6,June,Q2,28
1025,2017-06-29,2017,6,June,Q2,29
1026,2017-06-30,2017,6,June,Q2,30
1027,2017-07-01,2017,7,July,Q3,1
1028,2017-07-02,2017,7,July,Q3,2
1029,2017-07-03,2017,7,July,Q3,3
1030,2017-07-04,2017,7,July,Q3,4
1031,2017-07-05,2017,7,July,Q3,5
1032,2017-07-06,2017,7,July,Q3,6
1033,2017-07-07,2017,7,July,Q3,7
1034,2017-07-08,2017,7,July,Q3,8
1035,2017-07-09,2017,7,July,Q3,9
1036,2017-07-10,2017,7,July,Q3,10
1037,2017-07-11,2017,7,July,Q3,11
1038,2017-07-12,2017,7,July,Q3,12
1039,2017-07-13,2017,7,July,Q3,13
1040,2017-07-14,2017,7,July,Q3,14
1041,2017-07-15,2017,7,July,Q3,15
1042,2017-07-16,2017,7,July,Q3,16
1043,2017-07-17,2017,7,July,Q3,17
1044,2017-07-18,2017,7,July,Q3,18
1045,2017-07-19,2017,7,July,Q3,19
1046,2017-07-20,2017,7,July,Q3,20
1047,2017-07-21,2017,7,July,Q3,21
1048,2017-07-22,2017,7,July,Q3,22
1049,2017-07-23,2017,7,July,Q3,23
1050,2017-07-24,2017,7,July,Q3,24
1051,2017-07-25,2017,7,July,Q3,25
1052,2017-07-26,2017,7,July,Q3,26
1053,2017-07-27,2017,7,July,Q3,27
1054,2017-07-28,2017,7,July,Q3,28
1055,2017-07-29,2017,7,July,Q3,29
1056,2017-07-30,2017,7,July,Q3,30
1057,2017-07-31,2017,7,July,Q3,31
1058,2017-08-01,2017,8,August,Q3,1
1059,2017-08-02,2017,8,August,Q3,2
1060,2017-08-03,2017,8,August,Q3,3
1061,2017-08-04,2017,8,August,Q3,4
1062,2017-08-05,2017,8,August,Q3,5
1063,2017-08-06,2017,8,August,Q3,6
1064,2017-08-07,2017,8,August,Q3,7
1065,2017-08-08,2017,8,August,Q3,8
1066,2017-08-09,2017,8,August,Q3,9
1067,2017-08-10,2017,8,August,Q3,10
1068,2017-08-11,2017,8,August,Q3,11
1069,2017-08-12,2017,8,August,Q3,12
1070,2017-08-13,2017,8,August,Q3,13
1071,2017-08-14,2017,8,August,Q3,14
1072,2017-08-15,2017,8,August,Q3,15
1073,2017-08-16,2017,8,August,Q3,16
1074,2017-08-17,2017,8,August,Q3,17
1075,2017-08-18,2017,8,August,Q3,18
1076,2017-08-19,2017,8,August,Q3,19
1077,2017-08-20,2017,8,August,Q3,20
1078,2017-08-21,2017,8,August,Q3,21
1079,2017-08-22,2017,8,August,Q3,22
1080,2017-08-23,2017,8,August,Q3,23
1081,2017-08-24,2017,8,August,Q3,24
1082,2017-08-25,2017,8,August,Q3,25
1083,2017-08-26,2017,8,August,Q3,26
1084,2017-08-27,2017,8,August,Q3,27
1085,2017-08-28,2017,8,August,Q3,28
1086,2017-08-29,2017,8,August,Q3,29
1087,2017-08-30,2017,8,August,Q3,30
1088,2017-08-31,2017,8,August,Q3,31
1089,2017-09-01,2017,9,September,Q3,1
1090,2017-09-02,2017,9,September,Q3,2
1091,2017-09-03,2017,9,September,Q3,3
1092,2017-09-04,2017,9,September,Q3,4
1093,2017-09-05,2017,9,September,Q3,5
1094,2017-09-06,2017,9,September,Q3,6
1095,2017-09-07,2017,9,September,Q3,7
1096,2017-09-08,2017,9,September,Q3,8
1097,2017-09-09,2017,9,September,Q3,9
1098,2017-09-10,2017,9,September,Q3,10
1099,2017-09-11,2017,9,September,Q3,11
1100,2017-09-12,2017,9,September,Q3,12
1101,2017-09-13,2017,9,September,Q3,13
1102,2017-09-14,2017,9,September,Q3,14
1103,2017-09-15,2017,9,September,Q3,15
1104,2017-09-16,2017,9,September,Q3,16
1105,2017-09-17,2017,9,September,Q3,17
1106,2017-09-18,2017,9,September,Q3,18
1107,2017-09-19,2017,9,September,Q3,19
1108,2017-09-20,2017,9,September,Q3,20
1109,2017-09-21,2017,9,September,Q3,21
1110,2017-09-22,2017,9,September,Q3,22
1111,2017-09-23,2017,9,September,Q3,23
1112,2017-09-24,2017,9,September,Q3,24
1113,2017-09-25,2017,9,September,Q3,25
1114,2017-09-26,2017,9,September,Q3,26
1115,2017-09-27,2017,9,September,Q3,27
1116,2017-09-28,2017,9,September,Q3,28
1117,2017-09-29,2017,9,September,Q3,29
1118,2017-09-30,2017,9,September,Q3,30
1119,2017-10-01,2017,10,October,Q4,1
1120,2017-10-02,2017,10,October,Q4,2
1121,2017-10-03,2017,10,October,Q4,3
1122,2017-10-04,2017,10,October,Q4,4
1123,2017-10-05,2017,10,October,Q4,5
1124,2017-10-06,2017,10,October,Q4,6
1125,2017-10-07,2017,10,October,Q4,7
1126,2017-10-08,2017,10,October,Q4,8
1127,2017-10-09,2017,10,October,Q4,9
1128,2017-10-10,2017,10,October,Q4,10
1129,2017-10-11,2017,10,October,Q4,11
1130,2017-10-12,2017,10,October,Q4,12
1131,2017-10-13,2017,10,October,Q4,13
1132,2017-10-14,2017,10,October,Q4,14
1133,2017-10-15,2017,10,October,Q4,15
1134,2017-10-16,2017,10,October,Q4,16
1135,2017-10-17,2017,10,October,Q4,17
1136,2017-10-18,2017,10,October,Q4,18
1137,2017-10-19,2017,10,October,Q4,19
1138,2017-10-20,2017,10,October,Q4,20
1139,2017-10-21,2017,10,October,Q4,21
1140,2017-10-22,2017,10,October,Q4,22
1141,2017-10-23,2017,10,October,Q4,23
1142,2017-10-24,2017,10,October,Q4,24
1143,2017-10-25,2017,10,October,Q4,25
1144,2017-10-26,2017,10,October,Q4,26
1145,2017-10-27,2017,10,October,Q4,27
1146,2017-10-28,2017,10,October,Q4,28
1147,2017-10-29,2017,10,October,Q4,29
1148,2017-10-30,2017,10,October,Q4,30
1149,2017-10-31,2017,10,October,Q4,31
1150,2017-11-01,2017,11,November,Q4,1
1151,2017-11-02,2017,11,November,Q4,2
1152,2017-11-03,2017,11,November,Q4,3
1153,2017-11-04,2017,11,November,Q4,4
1154,2017-11-05,2017,11,November,Q4,5
1155,2017-11-06,2017,11,November,Q4,6
1156,2017-11-07,2017,11,November,Q4,7
1157,2017-11-08,2017,11,November,Q4,8
1158,2017-11-09,2017,11,November,Q4,9
1159,2017-11-10,2017,11,November,Q4,10
1160,2017-11-11,2017,11,November,Q4,11
1161,2017-11-12,2017,11,November,Q4,12
1162,2017-11-13,2017,11,November,Q4,13
1163,2017-11-14,2017,11,November,Q4,14
1164,2017-11-15,2017,11,November,Q4,15
1165,2017-11-16,2017,11,November,Q4,16
1166,2017-11-17,2017,11,November,Q4,17
1167,2017-11-18,2017,11,November,Q4,18
1168,2017-11-19,2017,11,November,Q4,19
1169,2017-11-20,2017,11,November,Q4,20
1170,2017-11-21,2017,11,November,Q4,21
1171,2017-11-22,2017,11,November,Q4,22
1172,2017-11-23,2017,11,November,Q4,23
1173,2017-11-24,2017,11,November,Q4,24
1174,2017-11-25,2017,11,November,Q4,25
1175,2017-11-26,2017,11,November,Q4,26
1176,2017-11-27,2017,11,November,Q4,27
1177,2017-11-28,2017,11,November,Q4,28
1178,2017-11-29,2017,11,November,Q4,29
1179,2017-11-30,2017,11,November,Q4,30
1180,2017-12-01,2017,12,December,Q4,1
1181,2017-12-02,2017,12,December,Q4,2
1182,2017-12-03,2017,12,December,Q4,3
1183,2017-12-04,2017,12,December,Q4,4
1184,2017-12-05,2017,12,December,Q4,5
1185,2017-12-06,2017,12,December,Q4,6
1186,2017-12-07,2017,12,December,Q4,7
1187,2017-12-08,2017,12,December,Q4,8
1188,2017-12-09,2017,12,December,Q4,9
1189,2017-12-10,2017,12,December,Q4,10
1190,2017-12-11,2017,12,December,Q4,11
1191,2017-12-12,2017,12,December,Q4,12
1192,2017-12-13,2017,12,December,Q4,13
1193,2017-12-14,2017,12,December,Q4,14
1194,2017-12-15,2017,12,December,Q4,15
1195,2017-12-16,2017,12,December,Q4,16
1196,2017-12-17,2017,12,December,Q4,17
1197,2017-12-18,2017,12,December,Q4,18
1198,2017-12-19,2017,12,December,Q4,19
1199,2017-12-20,2017,12,December,Q4,20
1200,2017-12-21,2017,12,December,Q4,21
1201,2017-12-22,2017,12,December,Q4,22
1202,2017-12-23,2017,12,December,Q4,23
1203,2017-12-24,2017,12,December,Q4,24
1204,2017-12-25,2017,12,December,Q4,25
1205,2017-12-26,2017,12,December,Q4,26
1206,2017-12-27,2017,12,December,Q4,27
1207,2017-12-28,2017,12,December,Q4,28
1208,2017-12-29,2017,12,December,Q4,29
1209,2017-12-30,2017,12,December,Q4,30
1210,2017-12-31,2017,12,December,Q4,31
1211,2018-01-01,2018,1,January,Q1,1
1212,2018-01-02,2018,1,January,Q1,2
1213,2018-01-03,2018,1,January,Q1,3
1214,2018-01-04,2018,1,January,Q1,4
1215,2018-01-05,2018,1,January,Q1,5
1216,2018-01-06,2018,1,January,Q1,6
1217,2018-01-07,2018,1,January,Q1,7
1218,2018-01-08,2018,1,January,Q1,8
1219,2018-01-09,2018,1,January,Q1,9
1220,2018-01-10,2018,1,January,Q1,10
1221,2018-01-11,2018,1,January,Q1,11
1222,2018-01-12,2018,1,January,Q1,12
1223,2018-01-13,2018,1,January,Q1,13
1224,2018-01-14,2018,1,January,Q1,14
1225,2018-01-15,2018,1,January,Q1,15
1226,2018-01-16,2018,1,January,Q1,16
1227,2018-01-17,2018,1,January,Q1,17
1228,2018-01-18,2018,1,January,Q1,18
1229,2018-01-19,2018,1,January,Q1,19
1230,2018-01-20,2018,1,January,Q1,20
1231,2018-01-21,2018,1,January,Q1,21
1232,2018-01-22,2018,1,January,Q1,22
1233,2018-01-23,2018,1,January,Q1,23
1234,2018-01-24,2018,1,January,Q1,24
1235,2018-01-25,2018,1,January,Q1,25
1236,2018-01-26,2018,1,January,Q1,26
1237,2018-01-27,2018,1,January,Q1,27
1238,2018-01-28,2018,1,January,Q1,28
1239,2018-01-29,2018,1,January,Q1,29
1240,2018-01-30,2018,1,January,Q1,30
1241,2018-01-31,2018,1,January,Q1,31
1242,2018-02-01,2018,2,February,Q1,1
1243,2018-02-02,2018,2,February,Q1,2
1244,2018-02-03,2018,2,February,Q1,3
1245,2018-02-04,2018,2,February,Q1,4
1246,2018-02-05,2018,2,February,Q1,5
1247,2018-02-06,2018,2,February,Q1,6
1248,2018-02-07,2018,2,February,Q1,7
1249,2018-02-08,2018,2,February,Q1,8
1250,2018-02-09,2018,2,February,Q1,9
1251,2018-02-10,2018,2,February,Q1,10
1252,2018-02-11,2018,2,February,Q1,11
1253,2018-02-12,2018,2,February,Q1,12
1254,2018-02-13,2018,2,February,Q1,13
1255,2018-02-14,2018,2,February,Q1,14
1256,2018-02-15,2018,2,February,Q1,15
1257,2018-02-16,2018,2,February,Q1,16
1258,2018-02-17,2018,2,February,Q1,17
1259,2018-02-18,2018,2,February,Q1,18
1260,2018-02-19,2018,2,February,Q1,19
1261,2018-02-20,2018,2,February,Q1,20
1262,2018-02-21,2018,2,February,Q1,21
1263,2018-02-22,2018,2,February,Q1,22
1264,2018-02-23,2018,2,February,Q1,23
1265,2018-02-24,2018,2,February,Q1,24
1266,2018-02-25,2018,2,February,Q1,25
1267,2018-02-26,2018,2,February,Q1,26
1268,2018-02-27,2018,2,February,Q1,27
1269,2018-02-28,2018,2,February,Q1,28
1270,2018-03-01,2018,3,March,Q1,1
1271,2018-03-02,2018,3,March,Q1,2
1272,2018-03-03,2018,3,March,Q1,3
1273,2018-03-04,2018,3,March,Q1,4
1274,2018-03-05,2018,3,March,Q1,5
1275,2018-03-06,2018,3,March,Q1,6
1276,2018-03-07,2018,3,March,Q1,7
1277,2018-03-08,2018,3,March,Q1,8
1278,2018-03-09,2018,3,March,Q1,9
1279,2018-03-10,2018,3,March,Q1,10
1280,2018-03-11,2018,3,March,Q1,11
1281,2018-03-12,2018,3,March,Q1,12
1282,2018-03-13,2018,3,March,Q1,13
1283,2018-03-14,2018,3,March,Q1,14
1284,2018-03-15,2018,3,March,Q1,15
1285,2018-03-16,2018,3,March,Q1,16
1286,2018-03-17,2018,3,March,Q1,17
1287,2018-03-18,2018,3,March,Q1,18
1288,2018-03-19,2018,3,March,Q1,19
1289,2018-03-20,2018,3,March,Q1,20
1290,2018-03-21,2018,3,March,Q1,21
1291,2018-03-22,2018,3,March,Q1,22
1292,2018-03-23,2018,3,March,Q1,23
1293,2018-03-24,2018,3,March,Q1,24
1294,2018-03-25,2018,3,March,Q1,25
1295,2018-03-26,2018,3,March,Q1,26
1296,2018-03-27,2018,3,March,Q1,27
1297,2018-03-28,2018,3,March,Q1,28
1298,2018-03-29,2018,3,March,Q1,29
1299,2018-03-30,2018,3,March,Q1,30
1300,2018-03-31,2018,3,March,Q1,31
1301,2018-04-01,2018,4,April,Q2,1
1302,2018-04-02,2018,4,April,Q2,2
1303,2018-04-03,2018,4,April,Q2,3
1304,2018-04-04,2018,4,April,Q2,4
1305,2018-04-05,2018,4,April,Q2,5
1306,2018-04-06,2018,4,April,Q2,6
1307,2018-04-07,2018,4,April,Q2,7
1308,2018-04-08,2018,4,April,Q2,8
1309,2018-04-09,2018,4,April,Q2,9
1310,2018-04-10,2018,4,April,Q2,10
1311,2018-04-11,2018,4,April,Q2,11
1312,2018-04-12,2018,4,April,Q2,12
1313,2018-04-13,2018,4,April,Q2,13
1314,2018-04-14,2018,4,April,Q2,14
1315,2018-04-15,2018,4,April,Q2,15
1316,2018-04-16,2018,4,April,Q2,16
1317,2018-04-17,2018,4,April,Q2,17
1318,2018-04-18,2018,4,April,Q2,18
1319,2018-04-19,2018,4,April,Q2,19
1320,2018-04-20,2018,4,April,Q2,20
1321,2018-04-21,2018,4,April,Q2,21
1322,2018-04-22,2018,4,April,Q2,22
1323,2018-04-23,2018,4,April,Q2,23
1324,2018-04-24,2018,4,April,Q2,24
1325,2018-04-25,2018,4,April,Q2,25
1326,2018-04-26,2018,4,April,Q2,26
1327,2018-04-27,2018,4,April,Q2,27
1328,2018-04-28,2018,4,April,Q2,28
1329,2018-04-29,2018,4,April,Q2,29
1330,2018-04-30,2018,4,April,Q2,30
1331,2018-05-01,2018,5,May,Q2,1
1332,2018-05-02,2018,5,May,Q2,2
1333,2018-05-03,2018,5,May,Q2,3
1334,2018-05-04,2018,5,May,Q2,4
1335,2018-05-05,2018,5,May,Q2,5
1336,2018-05-06,2018,5,May,Q2,6
1337,2018-05-07,2018,5,May,Q2,7
1338,2018-05-08,2018,5,May,Q2,8
1339,2018-05-09,2018,5,May,Q2,9
1340,2018-05-10,2018,5,May,Q2,10
1341,2018-05-11,2018,5,May,Q2,11
1342,2018-05-12,2018,5,May,Q2,12
1343,2018-05-13,2018,5,May,Q2,13
1344,2018-05-14,2018,5,May,Q2,14
1345,2018-05-15,2018,5,May,Q2,15
1346,2018-05-16,2018,5,May,Q2,16
1347,2018-05-17,2018,5,May,Q2,17
1348,2018-05-18,2018,5,May,Q2,18
1349,2018-05-19,2018,5,May,Q2,19
1350,2018-05-20,2018,5,May,Q2,20
1351,2018-05-21,2018,5,May,Q2,21
1352,2018-05-22,2018,5,May,Q2,22
1353,2018-05-23,2018,5,May,Q2,23
1354,2018-05-24,2018,5,May,Q2,24
1355,2018-05-25,2018,5,May,Q2,25
1356,2018-05-26,2018,5,May,Q2,26
1357,2018-05-27,2018,5,May,Q2,27
1358,2018-05-28,2018,5,May,Q2,28
1359,2018-05-29,2018,5,May,Q2,29
1360,2018-05-30,2018,5,May,Q2,30
1361,2018-05-31,2018,5,May,Q2,31
1362,2018-06-01,2018,6,June,Q2,1
1363,2018-06-02,2018,6,June,Q2,2
1364,2018-06-03,2018,6,June,Q2,3
1365,2018-06-04,2018,6,June,Q2,4
1366,2018-06-05,2018,6,June,Q2,5
1367,2018-06-06,2018,6,June,Q2,6
1368,2018-06-07,2018,6,June,Q2,7
1369,2018-06-08,2018,6,June,Q2,8
1370,2018-06-09,2018,6,June,Q2,9
1371,2018-06-10,2018,6,June,Q2,10
1372,2018-06-11,2018,6,June,Q2,11
1373,2018-06-12,2018,6,June,Q2,12
1374,2018-06-13,2018,6,June,Q2,13
1375,2018-06-14,2018,6,June,Q2,14
1376,2018-06-15,2018,6,June,Q2,15
1377,2018-06-16,2018,6,June,Q2,16
1378,2018-06-17,2018,6,June,Q2,17
1379,2018-06-18,2018,6,June,Q2,18
1380,2018-06-19,2018,6,June,Q2,19
1381,2018-06-20,2018,6,June,Q2,20
1382,2018-06-21,2018,6,June,Q2,21
1383,2018-06-22,2018,6,June,Q2,22
1384,2018-06-23,2018,6,June,Q2,23
1385,2018-06-24,2018,6,June,Q2,24
1386,2018-06-25,2018,6,June,Q2,25
1387,2018-06-26,2018,6,June,Q2,26
1388,2018-06-27,2018,6,June,Q2,27
1389,2018-06-28,2018,6,June,Q2,28
1390,2018-06-29,2018,6,June,Q2,29
1391,2018-06-30,2018,6,June,Q2,30
1392,2018-07-01,2018,7,July,Q3,1
1393,2018-07-02,2018,7,July,Q3,2
1394,2018-07-03,2018,7,July,Q3,3
1395,2018-07-04,2018,7,July,Q3,4
1396,2018-07-05,2018,7,July,Q3,5
1397,2018-07-06,2018,7,July,Q3,6
1398,2018-07-07,2018,7,July,Q3,7
1399,2018-07-08,2018,7,July,Q3,8
1400,2018-07-09,2018,7,July,Q3,9
1401,2018-07-10,2018,7,July,Q3,10
1402,2018-07-11,2018,7,July,Q3,11
1403,2018-07-12,2018,7,July,Q3,12
1404,2018-07-13,2018,7,July,Q3,13
1405,2018-07-14,2018,7,July,Q3,14
1406,2018-07-15,2018,7,July,Q3,15
1407,2018-07-16,2018,7,July,Q3,16
1408,2018-07-17,2018,7,July,Q3,17
1409,2018-07-18,2018,7,July,Q3,18
1410,2018-07-19,2018,7,July,Q3,19
1411,2018-07-20,2018,7,July,Q3,20
1412,2018-07-21,2018,7,July,Q3,21
1413,2018-07-22,2018,7,July,Q3,22
1414,2018-07-23,2018,7,July,Q3,23
1415,2018-07-24,2018,7,July,Q3,24
1416,2018-07-25,2018,7,July,Q3,25
1417,2018-07-26,2018,7,July,Q3,26
1418,2018-07-27,2018,7,July,Q3,27
1419,2018-07-28,2018,7,July,Q3,28
1420,2018-07-29,2018,7,July,Q3,29
1421,2018-07-30,2018,7,July,Q3,30
1422,2018-07-31,2018,7,July,Q3,31
1423,2018-08-01,2018,8,August,Q3,1
1424,2018-08-02,2018,8,August,Q3,2
1425,2018-08-03,2018,8,August,Q3,3
1426,2018-08-04,2018,8,August,Q3,4
1427,2018-08-05,2018,8,August,Q3,5
1428,2018-08-06,2018,8,August,Q3,6
1429,2018-08-07,2018,8,August,Q3,7
1430,2018-08-08,2018,8,August,Q3,8
1431,2018-08-09,2018,8,August,Q3,9
1432,2018-08-10,2018,8,August,Q3,10
1433,2018-08-11,2018,8,August,Q3,11
1434,2018-08-12,2018,8,August,Q3,12
1435,2018-08-13,2018,8,August,Q3,13
1436,2018-08-14,2018,8,August,Q3,14
1437,2018-08-15,2018,8,August,Q3,15
1438,2018-08-16,2018,8,August,Q3,16
1439,2018-08-17,2018,8,August,Q3,17
1440,2018-08-18,2018,8,August,Q3,18
1441,2018-08-19,2018,8,August,Q3,19
1442,2018-08-20,2018,8,August,Q3,20
1443,2018-08-21,2018,8,August,Q3,21
1444,2018-08-22,2018,8,August,Q3,22
1445,2018-08-23,2018,8,August,Q3,23
1446,2018-08-24,2018,8,August,Q3,24
1447,2018-08-25,2018,8,August,Q3,25
1448,2018-08-26,2018,8,August,Q3,26
1449,2018-08-27,2018,8,August,Q3,27
1450,2018-08-28,2018,8,August,Q3,28
1451,2018-08-29,2018,8,August,Q3,29
1452,2018-08-30,2018,8,August,Q3,30
1453,2018-08-31,2018,8,August,Q3,31
1454,2018-09-01,2018,9,September,Q3,1
1455,2018-09-02,2018,9,September,Q3,2
1456,2018-09-03,2018,9,September,Q3,3
1457,2018-09-04,2018,9,September,Q3,4
1458,2018-09-05,2018,9,September,Q3,5
1459,2018-09-06,2018,9,September,Q3,6
1460,2018-09-07,2018,9,September,Q3,7
1461,2018-09-08,2018,9,September,Q3,8
1462,2018-09-09,2018,9,September,Q3,9
1463,2018-09-10,2018,9,September,Q3,10
1464,2018-09-11,2018,9,September,Q3,11
1465,2018-09-12,2018,9,September,Q3,12
1466,2018-09-13,2018,9,September,Q3,13
1467,2018-09-14,2018,9,September,Q3,14
1468,2018-09-15,2018,9,September,Q3,15
1469,2018-09-16,2018,9,September,Q3,16
1470,2018-09-17,2018,9,September,Q3,17
1471,2018-09-18,2018,9,September,Q3,18
1472,2018-09-19,2018,9,September,Q3,19
1473,2018-09-20,2018,9,September,Q3,20
1474,2018-09-21,2018,9,September,Q3,21
1475,2018-09-22,2018,9,September,Q3,22
1476,2018-09-23,2018,9,September,Q3,23
1477,2018-09-24,2018,9,September,Q3,24
1478,2018-09-25,2018,9,September,Q3,25
1479,2018-09-26,2018,9,September,Q3,26
1480,2018-09-27,2018,9,September,Q3,27
1481,2018-09-28,2018,9,September,Q3,28
1482,2018-09-29,2018,9,September,Q3,29
1483,2018-09-30,2018,9,September,Q3,30
1484,2018-10-01,2018,10,October,Q4,1
1485,2018-10-02,2018,10,October,Q4,2
1486,2018-10-03,2018,10,October,Q4,3
1487,2018-10-04,2018,10,October,Q4,4
1488,2018-10-05,2018,10,October,Q4,5
1489,2018-10-06,2018,10,October,Q4,6
1490,2018-10-07,2018,10,October,Q4,7
1491,2018-10-08,2018,10,October,Q4,8
1492,2018-10-09,2018,10,October,Q4,9
1493,2018-10-10,2018,10,October,Q4,10
1494,2018-10-11,2018,10,October,Q4,11
1495,2018-10-12,2018,10,October,Q4,12
1496,2018-10-13,2018,10,October,Q4,13
1497,2018-10-14,2018,10,October,Q4,14
1498,2018-10-15,2018,10,October,Q4,15
1499,2018-10-16,2018,10,October,Q4,16
1500,2018-10-17,2018,10,October,Q4,17
1501,2018-10-18,2018,10,October,Q4,18
1502,2018-10-19,2018,10,October,Q4,19
1503,2018-10-20,2018,10,October,Q4,20
1504,2018-10-21,2018,10,October,Q4,21
1505,2018-10-22,2018,10,October,Q4,22
1506,2018-10-23,2018,10,October,Q4,23
1507,2018-10-24,2018,10,October,Q4,24
1508,2018-10-25,2018,10,October,Q4,25
1509,2018-10-26,2018,10,October,Q4,26
1510,2018-10-27,2018,10,October,Q4,27
1511,2018-10-28,2018,10,October,Q4,28
1512,2018-10-29,2018,10,October,Q4,29
1513,2018-10-30,2018,10,October,Q4,30
1514,2018-10-31,2018,10,October,Q4,31
1515,2018-11-01,2018,11,November,Q4,1
1516,2018-11-02,2018,11,November,Q4,2
1517,2018-11-03,2018,11,November,Q4,3
1518,2018-11-04,2018,11,November,Q4,4
1519,2018-11-05,2018,11,November,Q4,5
1520,2018-11-06,2018,11,November,Q4,6
1521,2018-11-07,2018,11,November,Q4,7
1522,2018-11-08,2018,11,November,Q4,8
1523,2018-11-09,2018,11,November,Q4,9
1524,2018-11-10,2018,11,November,Q4,10
1525,2018-11-11,2018,11,November,Q4,11
1526,2018-11-12,2018,11,November,Q4,12
1527,2018-11-13,2018,11,November,Q4,13
1528,2018-11-14,2018,11,November,Q4,14
1529,2018-11-15,2018,11,November,Q4,15
1530,2018-11-16,2018,11,November,Q4,16
1531,2018-11-17,2018,11,November,Q4,17
1532,2018-11-18,2018,11,November,Q4,18
1533,2018-11-19,2018,11,November,Q4,19
1534,2018-11-20,2018,11,November,Q4,20
1535,2018-11-21,2018,11,November,Q4,21
1536,2018-11-22,2018,11,November,Q4,22
1537,2018-11-23,2018,11,November,Q4,23
1538,2018-11-24,2018,11,November,Q4,24
1539,2018-11-25,2018,11,November,Q4,25
1540,2018-11-26,2018,11,November,Q4,26
1541,2018-11-27,2018,11,November,Q4,27
1542,2018-11-28,2018,11,November,Q4,28
1543,2018-11-29,2018,11,November,Q4,29
1544,2018-11-30,2018,11,November,Q4,30
1545,2018-12-01,2018,12,December,Q4,1
1546,2018-12-02,2018,12,December,Q4,2
1547,2018-12-03,2018,12,December,Q4,3
1548,2018-12-04,2018,12,December,Q4,4
1549,2018-12-05,2018,12,December,Q4,5
1550,2018-12-06,2018,12,December,Q4,6
1551,2018-12-07,2018,12,December,Q4,7
1552,2018-12-08,2018,12,December,Q4,8
1553,2018-12-09,2018,12,December,Q4,9
1554,2018-12-10,2018,12,December,Q4,10
1555,2018-12-11,2018,12,December,Q4,11
1556,2018-12-12,2018,12,December,Q4,12
1557,2018-12-13,2018,12,December,Q4,13
1558,2018-12-14,2018,12,December,Q4,14
1559,2018-12-15,2018,12,December,Q4,15
1560,2018-12-16,2018,12,December,Q4,16
1561,2018-12-17,2018,12,December,Q4,17
1562,2018-12-18,2018,12,December,Q4,18
1563,2018-12-19,2018,12,December,Q4,19
1564,2018-12-20,2018,12,December,Q4,20
1565,2018-12-21,2018,12,December,Q4,21
1566,2018-12-22,2018,12,December,Q4,22
1567,2018-12-23,2018,12,December,Q4,23
1568,2018-12-24,2018,12,December,Q4,24
1569,2018-12-25,2018,12,December,Q4,25
1570,2018-12-26,2018,12,December,Q4,26
1571,2018-12-27,2018,12,December,Q4,27
1572,2018-12-28,2018,12,December,Q4,28
1573,2018-12-29,2018,12,December,Q4,29
1574,2018-12-30,2018,12,December,Q4,30
1575,2018-12-31,2018,12,December,Q4,31
1576,2019-01-01,2019,1,January,Q1,1
1577,2019-01-02,2019,1,January,Q1,2
1578,2019-01-03,2019,1,January,Q1,3
1579,2019-01-04,2019,1,January,Q1,4
1580,2019-01-05,2019,1,January,Q1,5
1581,2019-01-06,2019,1,January,Q1,6
1582,2019-01-07,2019,1,January,Q1,7
1583,2019-01-08,2019,1,January,Q1,8
1584,2019-01-09,2019,1,January,Q1,9
1585,2019-01-10,2019,1,January,Q1,10
1586,2019-01-11,2019,1,January,Q1,11
1587,2019-01-12,2019,1,January,Q1,12
1588,2019-01-13,2019,1,January,Q1,13
1589,2019-01-14,2019,1,January,Q1,14
1590,2019-01-15,2019,1,January,Q1,15
1591,2019-01-16,2019,1,January,Q1,16
1592,2019-01-17,2019,1,January,Q1,17
1593,2019-01-18,2019,1,January,Q1,18
1594,2019-01-19,2019,1,January,Q1,19
1595,2019-01-20,2019,1,January,Q1,20
1596,2019-01-21,2019,1,January,Q1,21
1597,2019-01-22,2019,1,January,Q1,22
1598,2019-01-23,2019,1,January,Q1,23
1599,2019-01-24,2019,1,January,Q1,24
1600,2019-01-25,2019,1,January,Q1,25
1601,2019-01-26,2019,1,January,Q1,26
1602,2019-01-27,2019,1,January,Q1,27
1603,2019-01-28,2019,1,January,Q1,28
1604,2019-01-29,2019,1,January,Q1,29
1605,2019-01-30,2019,1,January,Q1,30
1606,2019-01-31,2019,1,January,Q1,31
1607,2019-02-01,2019,2,February,Q1,1
1608,2019-02-02,2019,2,February,Q1,2
1609,2019-02-03,2019,2,February,Q1,3
1610,2019-02-04,2019,2,February,Q1,4
1611,2019-02-05,2019,2,February,Q1,5
1612,2019-02-06,2019,2,February,Q1,6
1613,2019-02-07,2019,2,February,Q1,7
1614,2019-02-08,2019,2,February,Q1,8
1615,2019-02-09,2019,2,February,Q1,9
1616,2019-02-10,2019,2,February,Q1,10
1617,2019-02-11,2019,2,February,Q1,11
1618,2019-02-12,2019,2,February,Q1,12
1619,2019-02-13,2019,2,February,Q1,13
1620,2019-02-14,2019,2,February,Q1,14
1621,2019-02-15,2019,2,February,Q1,15
1622,2019-02-16,2019,2,February,Q1,16
1623,2019-02-17,2019,2,February,Q1,17
1624,2019-02-18,2019,2,February,Q1,18
1625,2019-02-19,2019,2,February,Q1,19
1626,2019-02-20,2019,2,February,Q1,20
1627,2019-02-21,2019,2,February,Q1,21
1628,2019-02-22,2019,2,February,Q1,22
1629,2019-02-23,2019,2,February,Q1,23
1630,2019-02-24,2019,2,February,Q1,24
1631,2019-02-25,2019,2,February,Q1,25
1632,2019-02-26,2019,2,February,Q1,26
1633,2019-02-27,2019,2,February,Q1,27
1634,2019-02-28,2019,2,February,Q1,28
1635,2019-03-01,2019,3,March,Q1,1
1636,2019-03-02,2019,3,March,Q1,2
1637,2019-03-03,2019,3,March,Q1,3
1638,2019-03-04,2019,3,March,Q1,4
1639,2019-03-05,2019,3,March,Q1,5
1640,2019-03-06,2019,3,March,Q1,6
1641,2019-03-07,2019,3,March,Q1,7
1642,2019-03-08,2019,3,March,Q1,8
1643,2019-03-09,2019,3,March,Q1,9
1644,2019-03-10,2019,3,March,Q1,10
1645,2019-03-11,2019,3,March,Q1,11
1646,2019-03-12,2019,3,March,Q1,12
1647,2019-03-13,2019,3,March,Q1,13
1648,2019-03-14,2019,3,March,Q1,14
1649,2019-03-15,2019,3,March,Q1,15
1650,2019-03-16,2019,3,March,Q1,16
1651,2019-03-17,2019,3,March,Q1,17
1652,2019-03-18,2019,3,March,Q1,18
1653,2019-03-19,2019,3,March,Q1,19
1654,2019-03-20,2019,3,March,Q1,20
1655,2019-03-21,2019,3,March,Q1,21
1656,2019-03-22,2019,3,March,Q1,22
1657,2019-03-23,2019,3,March,Q1,23
1658,2019-03-24,2019,3,March,Q1,24
1659,2019-03-25,2019,3,March,Q1,25
1660,2019-03-26,2019,3,March,Q1,26
1661,2019-03-27,2019,3,March,Q1,27
1662,2019-03-28,2019,3,March,Q1,28
1663,2019-03-29,2019,3,March,Q1,29
1664,2019-03-30,2019,3,March,Q1,30
1665,2019-03-31,2019,3,March,Q1,31
1666,2019-04-01,2019,4,April,Q2,1
1667,2019-04-02,2019,4,April,Q2,2
1668,2019-04-03,2019,4,April,Q2,3
1669,2019-04-04,2019,4,April,Q2,4
1670,2019-04-05,2019,4,April,Q2,5
1671,2019-04-06,2019,4,April,Q2,6
1672,2019-04-07,2019,4,April,Q2,7
1673,2019-04-08,2019,4,April,Q2,8
1674,2019-04-09,2019,4,April,Q2,9
1675,2019-04-10,2019,4,April,Q2,10
1676,2019-04-11,2019,4,April,Q2,11
1677,2019-04-12,2019,4,April,Q2,12
1678,2019-04-13,2019,4,April,Q2,13
1679,2019-04-14,2019,4,April,Q2,14
1680,2019-04-15,2019,4,April,Q2,15
1681,2019-04-16,2019,4,April,Q2,16
1682,2019-04-17,2019,4,April,Q2,17
1683,2019-04-18,2019,4,April,Q2,18
1684,2019-04-19,2019,4,April,Q2,19
1685,2019-04-20,2019,4,April,Q2,20
1686,2019-04-21,2019,4,April,Q2,21
1687,2019-04-22,2019,4,April,Q2,22
1688,2019-04-23,2019,4,April,Q2,23
1689,2019-04-24,2019,4,April,Q2,24
1690,2019-04-25,2019,4,April,Q2,25
1691,2019-04-26,2019,4,April,Q2,26
1692,2019-04-27,2019,4,April,Q2,27
1693,2019-04-28,2019,4,April,Q2,28
1694,2019-04-29,2019,4,April,Q2,29
1695,2019-04-30,2019,4,April,Q2,30
1696,2019-05-01,2019,5,May,Q2,1
1697,2019-05-02,2019,5,May,Q2,2
1698,2019-05-03,2019,5,May,Q2,3
1699,2019-05-04,2019,5,May,Q2,4
1700,2019-05-05,2019,5,May,Q2,5
1701,2019-05-06,2019,5,May,Q2,6
1702,2019-05-07,2019,5,May,Q2,7
1703,2019-05-08,2019,5,May,Q2,8
1704,2019-05-09,2019,5,May,Q2,9
1705,2019-05-10,2019,5,May,Q2,10
1706,2019-05-11,2019,5,May,Q2,11
1707,2019-05-12,2019,5,May,Q2,12
1708,2019-05-13,2019,5,May,Q2,13
1709,2019-05-14,2019,5,May,Q2,14
1710,2019-05-15,2019,5,May,Q2,15
1711,2019-05-16,2019,5,May,Q2,16
1712,2019-05-17,2019,5,May,Q2,17
1713,2019-05-18,2019,5,May,Q2,18
1714,2019-05-19,2019,5,May,Q2,19
1715,2019-05-20,2019,5,May,Q2,20
1716,2019-05-21,2019,5,May,Q2,21
1717,2019-05-22,2019,5,May,Q2,22
1718,2019-05-23,2019,5,May,Q2,23
1719,2019-05-24,2019,5,May,Q2,24
1720,2019-05-25,2019,5,May,Q2,25
1721,2019-05-26,2019,5,May,Q2,26
1722,2019-05-27,2019,5,May,Q2,27
1723,2019-05-28,2019,5,May,Q2,28
1724,2019-05-29,2019,5,May,Q2,29
1725,2019-05-30,2019,5,May,Q2,30
1726,2019-05-31,2019,5,May,Q2,31
1727,2019-06-01,2019,6,June,Q2,1
1728,2019-06-02,2019,6,June,Q2,2
1729,2019-06-03,2019,6,June,Q2,3
1730,2019-06-04,2019,6,June,Q2,4
1731,2019-06-05,2019,6,June,Q2,5
1732,2019-06-06,2019,6,June,Q2,6
1733,2019-06-07,2019,6,June,Q2,7
1734,2019-06-08,2019,6,June,Q2,8
1735,2019-06-09,2019,6,June,Q2,9
1736,2019-06-10,2019,6,June,Q2,10
1737,2019-06-11,2019,6,June,Q2,11
1738,2019-06-12,2019,6,June,Q2,12
1739,2019-06-13,2019,6,June,Q2,13
1740,2019-06-14,2019,6,June,Q2,14
1741,2019-06-15,2019,6,June,Q2,15
1742,2019-06-16,2019,6,June,Q2,16
1743,2019-06-17,2019,6,June,Q2,17
1744,2019-06-18,2019,6,June,Q2,18
1745,2019-06-19,2019,6,June,Q2,19
1746,2019-06-20,2019,6,June,Q2,20
1747,2019-06-21,2019,6,June,Q2,21
1748,2019-06-22,2019,6,June,Q2,22
1749,2019-06-23,2019,6,June,Q2,23
1750,2019-06-24,2019,6,June,Q2,24
1751,2019-06-25,2019,6,June,Q2,25
1752,2019-06-26,2019,6,June,Q2,26
1753,2019-06-27,2019,6,June,Q2,27
1754,2019-06-28,2019,6,June,Q2,28
1755,2019-06-29,2019,6,June,Q2,29
1756,2019-06-30,2019,6,June,Q2,30
1757,2019-07-01,2019,7,July,Q3,1
1758,2019-07-02,2019,7,July,Q3,2
1759,2019-07-03,2019,7,July,Q3,3
1760,2019-07-04,2019,7,July,Q3,4
1761,2019-07-05,2019,7,July,Q3,5
1762,2019-07-06,2019,7,July,Q3,6
1763,2019-07-07,2019,7,July,Q3,7
1764,2019-07-08,2019,7,July,Q3,8
